lot_no,kind,item_code,work_order_no,process_code,equip_code,qty,unit,insp_status,made_at,partner_code
M-EX-0001,MATERIAL,RAW-EX-91,,,,100,kg,합격,2026-09-30 09:00:00,SUP-EX-91
M-EX-0002,MATERIAL,RAW-EX-92,,,,50,kg,합격,2026-09-30 09:10:00,SUP-EX-91
P-EX-0001,PRODUCT,PRD-EX-91,W-EX-0001,PRC-EX-91,EQ-EX-91,50,EA,미검사,2026-10-01 12:00:00,
P-EX-0002,PRODUCT,PRD-EX-91,W-EX-0001,PRC-EX-91,EQ-EX-91,50,EA,미검사,2026-10-01 17:00:00,
P-EX-0003,PRODUCT,PRD-EX-91,W-EX-0001,PRC-EX-92,,100,EA,미검사,2026-10-01 18:00:00,
P-EX-0004,PRODUCT,PRD-EX-91,W-EX-0001,PRC-EX-92,,40,EA,합격,2026-10-02 09:00:00,
P-EX-0005,PRODUCT,PRD-EX-91,W-EX-0001,PRC-EX-92,,40,EA,합격,2026-10-02 09:00:00,
P-EX-0006,PRODUCT,PRD-EX-91,W-EX-0001,PRC-EX-92,,20,EA,미검사,2026-10-02 09:00:00,
X-EX-0001,SHIPMENT,,,,,80,EA,미검사,2026-10-02 15:00:00,
