parent_lot_no,child_lot_no,relation,qty,linked_at
M-EX-0001,P-EX-0001,투입,60,2026-10-01 12:00:00
M-EX-0001,P-EX-0002,투입,40,2026-10-01 17:00:00
M-EX-0002,P-EX-0002,투입,50,2026-10-01 17:00:00
P-EX-0001,P-EX-0003,합병,50,2026-10-01 18:00:00
P-EX-0002,P-EX-0003,합병,50,2026-10-01 18:00:00
P-EX-0003,P-EX-0004,분할,40,2026-10-02 09:00:00
P-EX-0003,P-EX-0005,분할,40,2026-10-02 09:00:00
P-EX-0003,P-EX-0006,분할,20,2026-10-02 09:00:00
P-EX-0004,X-EX-0001,출하,40,2026-10-02 15:00:00
P-EX-0005,X-EX-0001,출하,40,2026-10-02 15:00:00
