menu_code,role_code,level,scopes
bas,ADMIN,입력,일반
bas,PROD,조회,
bas,QC,조회,
bas,FIELD,없음,
prt,ADMIN,입력,일반
prt,PROD,입력,일반
prt,QC,조회,
prt,FIELD,조회,
job,ADMIN,입력,일반
job,PROD,입력,일반
job,QC,조회,
job,FIELD,조회,
ord,ADMIN,입력,일반
ord,PROD,입력,일반
ord,QC,조회,
ord,FIELD,조회,
pop,ADMIN,조회,
pop,PROD,입력,일반
pop,QC,조회,
pop,FIELD,입력,일반
mat,ADMIN,조회,
mat,PROD,입력,일반
mat,QC,입력,입고검사
mat,FIELD,입력,일반
clr,ADMIN,조회,
clr,PROD,조회,
clr,QC,입력,일반
clr,FIELD,입력,일반
rll,ADMIN,조회,
rll,PROD,입력,일반
rll,QC,조회,
rll,FIELD,입력,일반
qua,ADMIN,조회,
qua,PROD,조회,
qua,QC,입력,일반
qua,FIELD,조회,
shp,ADMIN,입력,승인
shp,PROD,입력,일반
shp,QC,조회,
shp,FIELD,입력,일반
trc,ADMIN,조회,
trc,PROD,조회,
trc,QC,조회,
trc,FIELD,없음,
kpi,ADMIN,조회,
kpi,PROD,조회,
kpi,QC,조회,
kpi,FIELD,조회,
sys,ADMIN,입력,일반
sys,PROD,없음,
sys,QC,없음,
sys,FIELD,없음,
eqp,ADMIN,없음,
eqp,PROD,없음,
eqp,QC,없음,
eqp,FIELD,없음,
ifc,ADMIN,입력,재전송
ifc,PROD,없음,
ifc,QC,없음,
ifc,FIELD,없음,
