group_code,code,code_name,seq,use_yn,note
MENU_TYPE,밥,밥,1,Y,TD5 BAS_MENU.MENU_TYPE_CD
MENU_TYPE,국,국,2,Y,
MENU_TYPE,주찬,주찬,3,Y,
MENU_TYPE,부찬,부찬,4,Y,
MENU_TYPE,김치,김치,5,Y,
MATERIAL_TYPE,원물,원물,1,Y,TD5 BAS_MATERIAL.MATERIAL_TYPE_CD
MATERIAL_TYPE,공산품,공산품,2,Y,
MATERIAL_TYPE,부자재,부자재,3,Y,
MATERIAL_TYPE,포장재,포장재,4,Y,
STORAGE_COND,냉장,냉장,1,Y,TD5 BAS_MATERIAL.STORAGE_COND_CD
STORAGE_COND,냉동,냉동,2,Y,
STORAGE_COND,실온,실온,3,Y,
LINE,1조리실-A솥그룹,(예시) 1조리실-A솥그룹,1,Y,조리라인(솥그룹) 정의는 현장 확인 후 확정 (미확정 D-08) — 정본 목업 예시 3건만
LINE,1조리실-B솥그룹,(예시) 1조리실-B솥그룹,2,Y,
LINE,2조리실-A솥그룹,(예시) 2조리실-A솥그룹,3,Y,
SERVICE_TYPE,이동급식,이동급식,1,Y,TD5 SAL_ORDER.SERVICE_TYPE_CD
SERVICE_TYPE,위탁급식,위탁급식,2,Y,
STOP_REASON,자재지연,자재지연,11,Y,코어 예약 그룹에 코드 추가 — TD5 PRC_DELAY.DELAY_REASON_CD
STOP_REASON,설비이상,설비이상,12,Y,
STOP_REASON,인력부족,인력부족,13,Y,
STOP_REASON,재작업,재작업,14,Y,
ISSUE_TYPE,이물,이물,1,Y,TD5 QUA_ISSUE.ISSUE_TYPE_CD
ISSUE_TYPE,품질이상,품질이상,2,Y,
ISSUE_TYPE,클레임,클레임,3,Y,고객사 필수
ISSUE_TYPE,반품,반품,4,Y,
INPUT_TYPE,자동(PLC),자동(PLC),1,Y,TD5 PRD_BATCH_RESULT.INPUT_TYPE_CD
INPUT_TYPE,POP수동,POP수동,2,Y,
INPUT_TYPE,스마트패드,스마트패드,3,Y,
STORAGE_LOC,냉장보관실,냉장 보관실,1,Y,TD5 MAT_RECEIPT.STORAGE_LOC_CD
STORAGE_LOC,냉동보관실,냉동 보관실,2,Y,
STORAGE_LOC,실온보관실,실온 보관실,3,Y,
STORAGE_LOC,조리장,조리장,4,Y,
MOVE_TYPE,이동,이동,1,Y,TD5 MAT_STOCK_MOVE.MOVE_TYPE_CD
MOVE_TYPE,조정,조정,2,Y,
MOVE_TYPE,폐기,폐기,3,Y,사유 필수
MOVE_TYPE,반품,반품,4,Y,
ADJ_REASON,실사차이,실사차이,1,Y,TD5 MAT_STOCK_MOVE.REASON_CD
ADJ_REASON,변질,변질,2,Y,
ADJ_REASON,유통기한경과,유통기한경과,3,Y,
JOB,조리,조리,1,Y,TD5 BAS_WORKER.JOB_CD
JOB,검식,검식(영양사),2,Y,
JOB,포장,포장,3,Y,
JOB,출고,출고,4,Y,
EQUIP_TYPE,조리설비,조리설비,1,Y,TD5 EQP_STATUS.EQUIP_TYPE_CD
EQUIP_TYPE,계측기,계측기,2,Y,
EQUIP_TYPE,보관설비,보관설비,3,Y,
COMM_TYPE,RS-485,RS-485,1,Y,TD5 EQP_STATUS.COMM_TYPE_CD
COMM_TYPE,Ethernet,Ethernet,2,Y,
COMM_TYPE,수동,수동,3,Y,
INSPECT_TYPE,일상,일상,1,Y,TD5 EQP_INSPECT.INSPECT_TYPE_CD
INSPECT_TYPE,예방,예방,2,Y,
INSPECT_TYPE,정기,정기,3,Y,
FAULT_TYPE,고장,고장,1,Y,TD5 EQP_FAULT.FAULT_TYPE_CD
FAULT_TYPE,오작동,오작동,2,Y,
FAULT_TYPE,통신단절,통신단절,3,Y,
FAULT_TYPE,센서이상,센서이상,4,Y,
COLLECT_PATH,PLC(Ethernet),PLC(Ethernet),1,Y,TD5 EQP_COLLECT.COLLECT_PATH_CD
COLLECT_PATH,RS-485→Edge,RS-485→Edge,2,Y,
COLLECT_TYPE,자동(PLC),자동(PLC),1,Y,TD5 BAS_PROCESS_STD.COLLECT_TYPE_CD
COLLECT_TYPE,반자동(POP),반자동(POP),2,Y,
COLLECT_TYPE,수동,수동,3,Y,
ORG_TYPE,관리자,관리자,1,Y,TD5 SYS_USER.ORG_TYPE_CD
ORG_TYPE,영양사,영양사,2,Y,
ORG_TYPE,현장작업자,현장작업자,3,Y,
ORG_TYPE,외부업체,외부업체,4,Y,
